PC1,PC2,cluster
3.103167691559092e-17,2.5679065925163146e-33,1
3.103167691559092e-17,-5.13581318503262e-34,0
3.103167691559092e-17,-5.135813185032629e-34,0
3.103167691559092e-17,-5.135813185032629e-34,0
3.103167691559092e-17,-5.135813185032629e-34,0
3.103167691559092e-17,-5.135813185032629e-34,0
