PC1,PC2
3.1031676915590914e-17,2.5679065925163146e-33
3.103167691559092e-17,-5.13581318503262e-34
3.103167691559092e-17,-5.135813185032628e-34
3.103167691559092e-17,-5.135813185032628e-34
3.103167691559092e-17,-5.135813185032628e-34
3.103167691559092e-17,-5.135813185032628e-34
